spec_id,outcome,term,estimate,std_error,p_value,nobs,df_resid,covariance
m1,email,money,10.213698379866667,4.011422728925906,0.0108917254447235,496,481.0,HC1
m2,email,money,12.142477248532122,4.325396904329783,0.0049966203696192885,434,414.0,HC1
m3,email,money,12.166719049525229,4.335390242191787,0.00501027683622483,434,409.0,HC1
m4,wallet_recovery,money,1.3992163469026062,3.6205129053728116,0.6991492864958335,496,481.0,HC1
m5,wallet_recovery,money,2.1620484767187693,3.8174033433666756,0.5711448219877804,434,414.0,HC1
m6,wallet_recovery,money,2.0460421929894936,3.812449806060018,0.5914929081522193,434,409.0,HC1
m7,wallet_totalrecovery,money,-9.587794870541105,4.031789090309956,0.017404479520831486,496,481.0,HC1
m8,wallet_totalrecovery,money,-10.065692413471261,4.2866621431711245,0.018867315042237424,434,414.0,HC1
m9,wallet_totalrecovery,money,-10.28153646593218,4.258719659625511,0.015768426722105516,434,409.0,HC1
